{"cameraMode":{"drawMode":0,"name":"Shaded","section":"Shading Mode"},"sceneLighting":true,"audioPlay":false,"sceneViewState":{"showFog":true,"showMaterialUpdate":false,"showSkybox":true,"showFlares":true,"showImageEffects":true,"showParticleSystems":true},"in2DMode":false,"pivot":{"x":20.767114639282228,"y":-6.278828144073486,"z":19.391101837158204},"rotation":{"x":0.15148277580738069,"y":0.29319077730178835,"z":-0.0471063069999218,"w":0.942810595035553},"size":39.2823371887207,"orthographic":false}